{
  "last_success_time": 1777249488.202955,
  "last_success_pid": 69404,
  "last_attempt_time": 1777249488.202955,
  "lockout_until": 0
}