{
  "last_success_time": 1776771731.6900961,
  "last_success_pid": 17609,
  "last_attempt_time": 1776771731.6900969,
  "lockout_until": 0
}