{
  "last_success_time": 1777210686.166796,
  "last_success_pid": 64928,
  "last_attempt_time": 1777210686.1667972,
  "lockout_until": 0
}