{
  "last_success_time": 1776314916.436815,
  "last_success_pid": 43888,
  "last_attempt_time": 1776314916.436816,
  "lockout_until": 0
}