{
  "last_success_time": 1777264391.0608268,
  "last_success_pid": 4182,
  "last_attempt_time": 1777264391.0608268,
  "lockout_until": 0
}