{
  "last_success_time": 1777332205.460787,
  "last_success_pid": 10450,
  "last_attempt_time": 1777332205.460788,
  "lockout_until": 0
}