{
  "last_success_time": 1776733237.081563,
  "last_success_pid": 97648,
  "last_attempt_time": 1776733237.081564,
  "lockout_until": 0
}