{
  "last_success_time": 1777809590.1526122,
  "last_success_pid": 40033,
  "last_attempt_time": 1777809590.1526132,
  "lockout_until": 0
}