{
  "last_success_time": 1777330565.206113,
  "last_success_pid": 4722,
  "last_attempt_time": 1777330565.206113,
  "lockout_until": 0
}