{
  "last_success_time": 1776313363.8604429,
  "last_success_pid": 40203,
  "last_attempt_time": 1776313363.8604438,
  "lockout_until": 0
}