{
  "last_success_time": 1777379020.681323,
  "last_success_pid": 99575,
  "last_attempt_time": 1777379020.681323,
  "lockout_until": 0
}