{
  "last_success_time": 1775388523.213592,
  "last_success_pid": 19941,
  "last_attempt_time": 1775388523.213593,
  "lockout_until": 0
}